,abuse
,abused
,ace
,afraid
,alarm
,anger
,angst
,anxiety
,apathy
,ashamed
,association
,attend
,attention
,avoid
,avoidance
,aware
,belief
,believe
,good
,bodymind
,boss
,brain
,brain thermoplastic
,brain plasticity
,breakup
,brother
*,burn
*,myself
*,care
,career
,change
,child trauma
,childhood
,child
,circuit
,cognition
*,cold
,colleague
*,come
,condition response
,conditioning
,confidence
,conflict
,connection
,control
,handle
,counseling
,counselor
,critical
,criticism
,danger
,daughter
,depress
,depression
,despair
*,development
,die
,discriminate
*,disorder
,divorce
,dogood
,dogooder
,domestic violence
,doubt
,electric
,embarrassment
,emotion
,empathy
,empowered
,family
,father
,fear
,feeling
,fight
,fighting
,fire
,fluctuate
*,food
,future
,goodish
,grief
,guilt
,guilty child
,hate
,helpful message
,highly sensitive
,hope
*,hurt
,husband
,hypercritical
,ignore
,indifference
,insight
,intermittent
,internal state
,intimacy
,job
,joy
,judgmental
,judgment
,kid
,learn association
,lgbt
,love
,make meaning
,marriage
,mind
,mind body
,mindbody
,mind body
,mindfulness
,misinterpretation
,mother
,move
,neglect
,neural
,neural pathway
,neuronal
,thermoplastic
,body
,caring
,nothing wrong
,novelty
,obsess
,ocd
,overwhelm
,partner
,pathway
,perceive danger
,perception
,perfectionism
,perseverance
,plasticity
,poor assertiveness
,positive
,pod
,pressure
,process
,psychological
,psychotherapist
,potsdam
,racism
,rage
,rain
,religion
,repress emotion
,sadness
,school
,self
,self care
,self image
,selfcritical
,selfesteem
,selfjudgment
,selfmanagement
,sensitive
,sex
,sexual
,sexual assault
,shame
,shifting
,sister
,son
,spouse
,stress
,stressful
,struggle
,supervisor
,suppress emotion
,thought
,threat
,tingling
,trauma
,trigger
,type
,uncertain
,understood
,unknown
,unsure
,windowpane
,variability
,variable
,violence
,weather
,wife
,wonder
,work
,workplace
,worry